[{"pk": 2, "model": "example.carbrand", "fields": {"created": "2014-01-08T10:10:49.752Z", "modified": "2014-01-08T10:17:33.856Z", "title": "Audi"}}, {"pk": 3, "model": "example.carbrand", "fields": {"created": "2014-01-08T10:20:16.322Z", "modified": "2014-01-08T10:22:19.863Z", "title": "BMW"}}, {"pk": 4, "model": "example.carbrand", "fields": {"created": "2014-01-08T10:22:56.626Z", "modified": "2014-01-08T10:22:56.626Z", "title": "Jaguar"}}, {"pk": 5, "model": "example.carbrand", "fields": {"created": "2014-01-08T10:24:14.484Z", "modified": "2014-01-08T10:24:14.484Z", "title": "Lexus"}}, {"pk": 6, "model": "example.carbrand", "fields": {"created": "2014-01-08T10:26:57.024Z", "modified": "2014-01-08T10:26:57.024Z", "title": "Porsche"}}, {"pk": 7, "model": "example.carbrand", "fields": {"created": "2014-01-08T10:27:55.739Z", "modified": "2014-01-08T10:27:55.739Z", "title": "\u0160koda"}}, {"pk": 12, "model": "example.brandmodel", "fields": {"brand": 2, "created": "2014-01-08T10:10:49.755Z", "modified": "2014-01-08T10:10:49.755Z", "title": "A1"}}, {"pk": 13, "model": "example.brandmodel", "fields": {"brand": 2, "created": "2014-01-08T10:10:49.756Z", "modified": "2014-01-08T10:10:49.756Z", "title": "A1 Sportback"}}, {"pk": 14, "model": "example.brandmodel", "fields": {"brand": 2, "created": "2014-01-08T10:10:49.757Z", "modified": "2014-01-08T10:10:49.757Z", "title": "A3"}}, {"pk": 15, "model": "example.brandmodel", "fields": {"brand": 2, "created": "2014-01-08T10:10:49.758Z", "modified": "2014-01-08T10:10:49.758Z", "title": "A3 Cabriolet"}}, {"pk": 16, "model": "example.brandmodel", "fields": {"brand": 2, "created": "2014-01-08T10:10:49.759Z", "modified": "2014-01-08T10:10:49.759Z", "title": "A3 Sportback"}}, {"pk": 17, "model": "example.brandmodel", "fields": {"brand": 2, "created": "2014-01-08T10:10:49.760Z", "modified": "2014-01-08T10:10:49.760Z", "title": "A4"}}, {"pk": 18, "model": "example.brandmodel", "fields": {"brand": 2, "created": "2014-01-08T10:10:49.760Z", "modified": "2014-01-08T10:10:49.760Z", "title": "A4 Allroad Quattro"}}, {"pk": 19, "model": "example.brandmodel", "fields": {"brand": 2, "created": "2014-01-08T10:10:49.761Z", "modified": "2014-01-08T10:10:49.761Z", "title": "A4 Avant"}}, {"pk": 20, "model": "example.brandmodel", "fields": {"brand": 2, "created": "2014-01-08T10:10:49.762Z", "modified": "2014-01-08T10:10:49.762Z", "title": "A5 Cabriolet"}}, {"pk": 21, "model": "example.brandmodel", "fields": {"brand": 2, "created": "2014-01-08T10:10:49.762Z", "modified": "2014-01-08T10:10:49.762Z", "title": "A5 Coupe"}}, {"pk": 22, "model": "example.brandmodel", "fields": {"brand": 2, "created": "2014-01-08T10:10:49.763Z", "modified": "2014-01-08T10:10:49.763Z", "title": "A5 Sportback"}}, {"pk": 23, "model": "example.brandmodel", "fields": {"brand": 2, "created": "2014-01-08T10:14:32.590Z", "modified": "2014-01-08T10:14:32.590Z", "title": "A6"}}, {"pk": 24, "model": "example.brandmodel", "fields": {"brand": 2, "created": "2014-01-08T10:14:32.591Z", "modified": "2014-01-08T10:14:32.591Z", "title": "A6 Allroad quattro"}}, {"pk": 25, "model": "example.brandmodel", "fields": {"brand": 2, "created": "2014-01-08T10:14:32.592Z", "modified": "2014-01-08T10:14:32.592Z", "title": "A6 Avant"}}, {"pk": 26, "model": "example.brandmodel", "fields": {"brand": 2, "created": "2014-01-08T10:14:32.592Z", "modified": "2014-01-08T10:14:32.592Z", "title": "A7"}}, {"pk": 27, "model": "example.brandmodel", "fields": {"brand": 2, "created": "2014-01-08T10:14:32.593Z", "modified": "2014-01-08T10:14:32.593Z", "title": "A7 Sportback"}}, {"pk": 28, "model": "example.brandmodel", "fields": {"brand": 2, "created": "2014-01-08T10:14:32.593Z", "modified": "2014-01-08T10:14:32.593Z", "title": "A8"}}, {"pk": 29, "model": "example.brandmodel", "fields": {"brand": 2, "created": "2014-01-08T10:14:32.594Z", "modified": "2014-01-08T10:14:32.594Z", "title": "A8 L"}}, {"pk": 30, "model": "example.brandmodel", "fields": {"brand": 2, "created": "2014-01-08T10:14:32.595Z", "modified": "2014-01-08T10:14:32.595Z", "title": "A8 L W12"}}, {"pk": 31, "model": "example.brandmodel", "fields": {"brand": 2, "created": "2014-01-08T10:14:32.595Z", "modified": "2014-01-08T10:14:32.595Z", "title": "Q3"}}, {"pk": 32, "model": "example.brandmodel", "fields": {"brand": 2, "created": "2014-01-08T10:14:32.596Z", "modified": "2014-01-08T10:14:32.596Z", "title": "Q5"}}, {"pk": 33, "model": "example.brandmodel", "fields": {"brand": 2, "created": "2014-01-08T10:14:32.596Z", "modified": "2014-01-08T10:14:32.596Z", "title": "Q7"}}, {"pk": 34, "model": "example.brandmodel", "fields": {"brand": 2, "created": "2014-01-08T10:14:32.597Z", "modified": "2014-01-08T10:14:32.597Z", "title": "Q7 W12 TDI"}}, {"pk": 35, "model": "example.brandmodel", "fields": {"brand": 2, "created": "2014-01-08T10:14:32.597Z", "modified": "2014-01-08T10:14:32.597Z", "title": "R8 Coupe"}}, {"pk": 36, "model": "example.brandmodel", "fields": {"brand": 2, "created": "2014-01-08T10:17:33.890Z", "modified": "2014-01-08T10:17:33.890Z", "title": "R8 Spyder"}}, {"pk": 37, "model": "example.brandmodel", "fields": {"brand": 2, "created": "2014-01-08T10:17:33.891Z", "modified": "2014-01-08T10:17:33.891Z", "title": "RS3 Sportback"}}, {"pk": 38, "model": "example.brandmodel", "fields": {"brand": 2, "created": "2014-01-08T10:17:33.891Z", "modified": "2014-01-08T10:17:33.891Z", "title": "S3"}}, {"pk": 39, "model": "example.brandmodel", "fields": {"brand": 2, "created": "2014-01-08T10:17:33.892Z", "modified": "2014-01-08T10:17:33.892Z", "title": "S3 Sportback"}}, {"pk": 40, "model": "example.brandmodel", "fields": {"brand": 2, "created": "2014-01-08T10:17:33.892Z", "modified": "2014-01-08T10:17:33.892Z", "title": "S4"}}, {"pk": 41, "model": "example.brandmodel", "fields": {"brand": 2, "created": "2014-01-08T10:17:33.893Z", "modified": "2014-01-08T10:17:33.893Z", "title": "S5 Cabriolet"}}, {"pk": 42, "model": "example.brandmodel", "fields": {"brand": 2, "created": "2014-01-08T10:17:33.893Z", "modified": "2014-01-08T10:17:33.893Z", "title": "S5 Coupe"}}, {"pk": 43, "model": "example.brandmodel", "fields": {"brand": 2, "created": "2014-01-08T10:17:33.894Z", "modified": "2014-01-08T10:17:33.894Z", "title": "S5 Sportback"}}, {"pk": 44, "model": "example.brandmodel", "fields": {"brand": 2, "created": "2014-01-08T10:17:33.894Z", "modified": "2014-01-08T10:17:33.894Z", "title": "S6"}}, {"pk": 45, "model": "example.brandmodel", "fields": {"brand": 2, "created": "2014-01-08T10:17:33.895Z", "modified": "2014-01-08T10:17:33.895Z", "title": "S6 Avant"}}, {"pk": 46, "model": "example.brandmodel", "fields": {"brand": 2, "created": "2014-01-08T10:17:33.895Z", "modified": "2014-01-08T10:17:33.895Z", "title": "S8"}}, {"pk": 47, "model": "example.brandmodel", "fields": {"brand": 2, "created": "2014-01-08T10:17:33.896Z", "modified": "2014-01-08T10:17:33.896Z", "title": "TT"}}, {"pk": 48, "model": "example.brandmodel", "fields": {"brand": 2, "created": "2014-01-08T10:17:33.896Z", "modified": "2014-01-08T10:17:33.896Z", "title": "TT Coupe"}}, {"pk": 50, "model": "example.brandmodel", "fields": {"brand": 2, "created": "2014-01-08T10:17:33.897Z", "modified": "2014-01-08T10:17:33.897Z", "title": "TT RS Coupe"}}, {"pk": 51, "model": "example.brandmodel", "fields": {"brand": 2, "created": "2014-01-08T10:17:33.898Z", "modified": "2014-01-08T10:17:33.898Z", "title": "TT RS Roadster"}}, {"pk": 49, "model": "example.brandmodel", "fields": {"brand": 2, "created": "2014-01-08T10:17:33.897Z", "modified": "2014-01-08T10:17:33.897Z", "title": "TT Roadster"}}, {"pk": 52, "model": "example.brandmodel", "fields": {"brand": 2, "created": "2014-01-08T10:17:33.898Z", "modified": "2014-01-08T10:17:33.898Z", "title": "TTS Coupe"}}, {"pk": 53, "model": "example.brandmodel", "fields": {"brand": 2, "created": "2014-01-08T10:17:33.899Z", "modified": "2014-01-08T10:17:33.899Z", "title": "TTS Roadster"}}, {"pk": 54, "model": "example.brandmodel", "fields": {"brand": 3, "created": "2014-01-08T10:20:16.324Z", "modified": "2014-01-08T10:20:16.324Z", "title": "1 3-door"}}, {"pk": 55, "model": "example.brandmodel", "fields": {"brand": 3, "created": "2014-01-08T10:20:16.325Z", "modified": "2014-01-08T10:20:16.325Z", "title": "1 5-door"}}, {"pk": 56, "model": "example.brandmodel", "fields": {"brand": 3, "created": "2014-01-08T10:20:16.326Z", "modified": "2014-01-08T10:20:16.326Z", "title": "1 Cabrio"}}, {"pk": 57, "model": "example.brandmodel", "fields": {"brand": 3, "created": "2014-01-08T10:20:16.327Z", "modified": "2014-01-08T10:20:16.327Z", "title": "1 Coupe"}}, {"pk": 58, "model": "example.brandmodel", "fields": {"brand": 3, "created": "2014-01-08T10:20:16.327Z", "modified": "2014-01-08T10:20:16.327Z", "title": "3 Cabrio"}}, {"pk": 59, "model": "example.brandmodel", "fields": {"brand": 3, "created": "2014-01-08T10:20:16.328Z", "modified": "2014-01-08T10:20:16.328Z", "title": "3 Coupe"}}, {"pk": 60, "model": "example.brandmodel", "fields": {"brand": 3, "created": "2014-01-08T10:20:16.328Z", "modified": "2014-01-08T10:20:16.328Z", "title": "3 Sedan"}}, {"pk": 61, "model": "example.brandmodel", "fields": {"brand": 3, "created": "2014-01-08T10:20:16.329Z", "modified": "2014-01-08T10:20:16.329Z", "title": "3 Touring"}}, {"pk": 62, "model": "example.brandmodel", "fields": {"brand": 3, "created": "2014-01-08T10:20:16.329Z", "modified": "2014-01-08T10:20:16.329Z", "title": "4 Cabrio"}}, {"pk": 63, "model": "example.brandmodel", "fields": {"brand": 3, "created": "2014-01-08T10:20:16.329Z", "modified": "2014-01-08T10:20:16.330Z", "title": "4 Coupe"}}, {"pk": 64, "model": "example.brandmodel", "fields": {"brand": 3, "created": "2014-01-08T10:20:16.330Z", "modified": "2014-01-08T10:20:16.330Z", "title": "5 ActiveHybrid"}}, {"pk": 65, "model": "example.brandmodel", "fields": {"brand": 3, "created": "2014-01-08T10:20:16.330Z", "modified": "2014-01-08T10:20:16.330Z", "title": "5 Gran Turismo"}}, {"pk": 66, "model": "example.brandmodel", "fields": {"brand": 3, "created": "2014-01-08T10:20:16.331Z", "modified": "2014-01-08T10:20:16.331Z", "title": "5 Sedan"}}, {"pk": 67, "model": "example.brandmodel", "fields": {"brand": 3, "created": "2014-01-08T10:20:16.331Z", "modified": "2014-01-08T10:20:16.331Z", "title": "5 Touring"}}, {"pk": 68, "model": "example.brandmodel", "fields": {"brand": 3, "created": "2014-01-08T10:20:16.332Z", "modified": "2014-01-08T10:20:16.332Z", "title": "6 Cabrio"}}, {"pk": 69, "model": "example.brandmodel", "fields": {"brand": 3, "created": "2014-01-08T10:20:16.332Z", "modified": "2014-01-08T10:20:16.332Z", "title": "6 Coupe"}}, {"pk": 70, "model": "example.brandmodel", "fields": {"brand": 3, "created": "2014-01-08T10:20:16.333Z", "modified": "2014-01-08T10:20:16.333Z", "title": "6 Gran Coupe"}}, {"pk": 71, "model": "example.brandmodel", "fields": {"brand": 3, "created": "2014-01-08T10:20:16.333Z", "modified": "2014-01-08T10:20:16.333Z", "title": "7 ActiveHybrid"}}, {"pk": 72, "model": "example.brandmodel", "fields": {"brand": 3, "created": "2014-01-08T10:22:19.887Z", "modified": "2014-01-08T10:22:19.887Z", "title": "7 Sedan"}}, {"pk": 73, "model": "example.brandmodel", "fields": {"brand": 3, "created": "2014-01-08T10:22:19.888Z", "modified": "2014-01-08T10:22:19.888Z", "title": "M3 Cabrio"}}, {"pk": 74, "model": "example.brandmodel", "fields": {"brand": 3, "created": "2014-01-08T10:22:19.889Z", "modified": "2014-01-08T10:22:19.889Z", "title": "M3 Coupe"}}, {"pk": 75, "model": "example.brandmodel", "fields": {"brand": 3, "created": "2014-01-08T10:22:19.889Z", "modified": "2014-01-08T10:22:19.889Z", "title": "M3 Sedan"}}, {"pk": 76, "model": "example.brandmodel", "fields": {"brand": 3, "created": "2014-01-08T10:22:19.890Z", "modified": "2014-01-08T10:22:19.890Z", "title": "M5 Sedan"}}, {"pk": 77, "model": "example.brandmodel", "fields": {"brand": 3, "created": "2014-01-08T10:22:19.891Z", "modified": "2014-01-08T10:22:19.891Z", "title": "M6 Cabrio"}}, {"pk": 78, "model": "example.brandmodel", "fields": {"brand": 3, "created": "2014-01-08T10:22:19.891Z", "modified": "2014-01-08T10:22:19.891Z", "title": "M6 Coupe"}}, {"pk": 79, "model": "example.brandmodel", "fields": {"brand": 3, "created": "2014-01-08T10:22:19.892Z", "modified": "2014-01-08T10:22:19.892Z", "title": "X1"}}, {"pk": 80, "model": "example.brandmodel", "fields": {"brand": 3, "created": "2014-01-08T10:22:19.892Z", "modified": "2014-01-08T10:22:19.892Z", "title": "X3"}}, {"pk": 81, "model": "example.brandmodel", "fields": {"brand": 3, "created": "2014-01-08T10:22:19.893Z", "modified": "2014-01-08T10:22:19.893Z", "title": "X5"}}, {"pk": 82, "model": "example.brandmodel", "fields": {"brand": 3, "created": "2014-01-08T10:22:19.893Z", "modified": "2014-01-08T10:22:19.893Z", "title": "X5 M"}}, {"pk": 83, "model": "example.brandmodel", "fields": {"brand": 3, "created": "2014-01-08T10:22:19.894Z", "modified": "2014-01-08T10:22:19.894Z", "title": "X6"}}, {"pk": 84, "model": "example.brandmodel", "fields": {"brand": 3, "created": "2014-01-08T10:22:19.895Z", "modified": "2014-01-08T10:22:19.895Z", "title": "X6 M"}}, {"pk": 85, "model": "example.brandmodel", "fields": {"brand": 3, "created": "2014-01-08T10:22:19.895Z", "modified": "2014-01-08T10:22:19.895Z", "title": "Z4"}}, {"pk": 86, "model": "example.brandmodel", "fields": {"brand": 4, "created": "2014-01-08T10:22:56.628Z", "modified": "2014-01-08T10:22:56.628Z", "title": "XF"}}, {"pk": 87, "model": "example.brandmodel", "fields": {"brand": 4, "created": "2014-01-08T10:22:56.629Z", "modified": "2014-01-08T10:22:56.629Z", "title": "XJ"}}, {"pk": 88, "model": "example.brandmodel", "fields": {"brand": 4, "created": "2014-01-08T10:22:56.630Z", "modified": "2014-01-08T10:22:56.630Z", "title": "XK"}}, {"pk": 89, "model": "example.brandmodel", "fields": {"brand": 5, "created": "2014-01-08T10:24:14.485Z", "modified": "2014-01-08T10:24:14.485Z", "title": "CT"}}, {"pk": 90, "model": "example.brandmodel", "fields": {"brand": 5, "created": "2014-01-08T10:24:14.487Z", "modified": "2014-01-08T10:24:14.487Z", "title": "CT Hybrid"}}, {"pk": 91, "model": "example.brandmodel", "fields": {"brand": 5, "created": "2014-01-08T10:24:14.487Z", "modified": "2014-01-08T10:24:14.487Z", "title": "GS"}}, {"pk": 92, "model": "example.brandmodel", "fields": {"brand": 5, "created": "2014-01-08T10:24:14.488Z", "modified": "2014-01-08T10:24:14.488Z", "title": "GS Hybrid"}}, {"pk": 93, "model": "example.brandmodel", "fields": {"brand": 5, "created": "2014-01-08T10:24:14.488Z", "modified": "2014-01-08T10:24:14.488Z", "title": "IS"}}, {"pk": 94, "model": "example.brandmodel", "fields": {"brand": 5, "created": "2014-01-08T10:24:14.490Z", "modified": "2014-01-08T10:24:14.490Z", "title": "IS 250 C"}}, {"pk": 95, "model": "example.brandmodel", "fields": {"brand": 5, "created": "2014-01-08T10:24:14.490Z", "modified": "2014-01-08T10:24:14.490Z", "title": "IS F"}}, {"pk": 96, "model": "example.brandmodel", "fields": {"brand": 5, "created": "2014-01-08T10:24:14.491Z", "modified": "2014-01-08T10:24:14.491Z", "title": "LS"}}, {"pk": 97, "model": "example.brandmodel", "fields": {"brand": 5, "created": "2014-01-08T10:24:14.492Z", "modified": "2014-01-08T10:24:14.492Z", "title": "LS Hybrid"}}, {"pk": 98, "model": "example.brandmodel", "fields": {"brand": 5, "created": "2014-01-08T10:24:14.492Z", "modified": "2014-01-08T10:24:14.492Z", "title": "RX"}}, {"pk": 99, "model": "example.brandmodel", "fields": {"brand": 5, "created": "2014-01-08T10:24:14.493Z", "modified": "2014-01-08T10:24:14.493Z", "title": "RX Hybrid"}}, {"pk": 100, "model": "example.brandmodel", "fields": {"brand": 6, "created": "2014-01-08T10:26:57.029Z", "modified": "2014-01-08T10:26:57.029Z", "title": "911"}}, {"pk": 101, "model": "example.brandmodel", "fields": {"brand": 6, "created": "2014-01-08T10:26:57.031Z", "modified": "2014-01-08T10:26:57.031Z", "title": "Boxter"}}, {"pk": 102, "model": "example.brandmodel", "fields": {"brand": 6, "created": "2014-01-08T10:26:57.032Z", "modified": "2014-01-08T10:26:57.032Z", "title": "Cayanne"}}, {"pk": 103, "model": "example.brandmodel", "fields": {"brand": 6, "created": "2014-01-08T10:26:57.033Z", "modified": "2014-01-08T10:26:57.033Z", "title": "Cayman"}}, {"pk": 104, "model": "example.brandmodel", "fields": {"brand": 6, "created": "2014-01-08T10:26:57.034Z", "modified": "2014-01-08T10:26:57.034Z", "title": "Panamera"}}, {"pk": 105, "model": "example.brandmodel", "fields": {"brand": 7, "created": "2014-01-08T10:27:55.741Z", "modified": "2014-01-08T10:27:55.741Z", "title": "Citigo"}}, {"pk": 106, "model": "example.brandmodel", "fields": {"brand": 7, "created": "2014-01-08T10:27:55.742Z", "modified": "2014-01-08T10:27:55.742Z", "title": "Fabia"}}, {"pk": 107, "model": "example.brandmodel", "fields": {"brand": 7, "created": "2014-01-08T10:27:55.742Z", "modified": "2014-01-08T10:27:55.743Z", "title": "Octavia"}}, {"pk": 108, "model": "example.brandmodel", "fields": {"brand": 7, "created": "2014-01-08T10:27:55.743Z", "modified": "2014-01-08T10:27:55.743Z", "title": "Rapid"}}, {"pk": 109, "model": "example.brandmodel", "fields": {"brand": 7, "created": "2014-01-08T10:27:55.744Z", "modified": "2014-01-08T10:27:55.744Z", "title": "Rapid Spaceback"}}, {"pk": 110, "model": "example.brandmodel", "fields": {"brand": 7, "created": "2014-01-08T10:27:55.745Z", "modified": "2014-01-08T10:27:55.745Z", "title": "Roomster"}}, {"pk": 111, "model": "example.brandmodel", "fields": {"brand": 7, "created": "2014-01-08T10:27:55.745Z", "modified": "2014-01-08T10:27:55.745Z", "title": "Superb"}}, {"pk": 112, "model": "example.brandmodel", "fields": {"brand": 7, "created": "2014-01-08T10:27:55.746Z", "modified": "2014-01-08T10:27:55.746Z", "title": "Yeti"}}, {"pk": 2, "model": "example.car", "fields": {"engine": "DIESEL", "created": "2014-01-09T08:48:42.907Z", "color": "WHITE", "modified": "2014-01-09T09:52:14.549Z", "numberplate": "A500", "model": 32}}, {"pk": 1, "model": "example.car", "fields": {"engine": "GASOLINE", "created": "2014-01-08T15:57:31.831Z", "color": "BLACK", "modified": "2014-01-09T09:52:37.215Z", "numberplate": "BMW333", "model": 76}}, {"pk": 9, "model": "example.car", "fields": {"engine": "GASOLINE", "created": "2014-01-09T09:45:50.896Z", "color": "RED", "modified": "2014-01-09T09:51:55.037Z", "numberplate": "P911", "model": 100}}, {"pk": 10, "model": "example.car", "fields": {"engine": "GASOLINE", "created": "2014-01-09T09:47:26.909Z", "color": "WHITE", "modified": "2014-01-09T09:52:52.774Z", "numberplate": "SK666", "model": 109}}]